,cols_after_preprocessing
0,feature547
1,feature418
2,feature867
3,feature15
4,feature641
5,feature734
6,feature549
7,feature674
8,feature442
9,feature763
10,feature207
11,feature12
12,feature777
13,feature605
14,feature752
15,feature604
16,feature182
17,feature492
18,feature413
19,feature836
20,feature736
21,feature412
22,feature831
23,feature767
24,feature491
25,feature866
26,feature17
27,feature530
28,feature23
29,feature408
30,feature118
31,feature518
32,feature558
33,feature414
34,feature416
35,feature142
36,feature778
37,feature757
38,feature376
39,feature453
40,feature326
41,feature521
42,feature502
43,feature145
44,feature548
45,feature488
46,feature553
47,feature598
48,feature22
49,feature358
50,feature449
51,feature750
52,feature322
53,feature425
54,feature610
55,feature746
56,feature868
57,feature509
58,feature764
59,feature460
60,feature520
61,feature873
62,feature865
63,feature725
64,feature56
65,feature467
66,feature776
67,feature557
68,feature390
69,feature422
70,feature276
71,feature397
72,feature681
73,feature483
74,feature611
75,feature656
76,feature770
77,feature612
78,feature227
79,id
80,feature239
81,feature504
82,feature247
83,feature603
84,feature769
85,feature472
86,feature514
87,feature393
88,feature421
89,feature32
90,feature507
91,feature576
92,feature193
93,feature441
94,feature551
95,feature267
96,feature446
97,feature423
98,feature469
99,feature771
100,feature338
101,feature515
102,feature25
103,feature737
104,feature316
105,feature783
106,feature541
107,feature44
108,feature869
109,feature392
110,feature462
111,feature417
112,feature63
113,feature854
114,feature749
115,feature524
116,feature410
117,feature497
118,feature455
119,feature500
120,feature772
121,feature740
122,feature459
123,feature420
124,feature372
125,feature230
126,feature784
127,feature782
128,feature198
129,feature398
130,feature812
131,feature312
132,feature185
133,feature424
134,feature800
135,feature766
136,feature439
137,feature510
138,feature458
139,feature450
140,feature987
141,feature501
142,feature505
143,feature506
144,feature192
145,feature728
146,feature314
147,feature487
148,feature653
149,feature6
150,feature522
151,feature447
152,feature331
153,feature103
154,feature399
155,feature824
156,feature543
157,feature760
158,feature512
159,feature503
160,feature362
161,feature451
162,feature339
163,feature508
164,feature489
165,feature343
166,feature255
167,feature857
168,feature552
169,feature870
170,feature528
171,feature840
172,feature495
173,feature481
174,feature378
175,feature743
176,feature513
177,feature529
178,feature779
179,feature780
180,feature593
181,feature719
182,feature584
183,feature290
184,feature337
185,feature600
186,feature330
187,feature519
188,feature781
189,feature187
190,feature555
191,feature814
192,feature452
193,feature440
194,feature651
195,feature473
196,feature461
197,feature751
198,feature373
199,feature803
200,feature985
201,feature177
202,feature433
203,feature188
204,feature490
205,feature516
206,feature480
207,feature556
208,feature429
209,feature498
210,feature319
211,feature813
212,feature90
213,feature54
214,feature484
215,target
216,feature382
217,feature457
218,feature717
219,feature844
220,feature380
221,feature550
222,feature864
223,feature727
224,feature454
225,feature369
226,feature367
227,feature409
